# Industry page redirects (old paths to new)
/industries/healthcare  /healthcare  301
/industries/financial   /financial   301
/industries/government  /government  301
/industries/education   /data-center 301

# Ensure clean URLs work
/healthcare     /healthcare.html    200
/financial      /financial.html     200
/government     /government.html    200
/data-center    /data-center.html   200
/value-estimator /value-estimator.html 200
/esg-calculator /esg-calculator.html 200
/quick-quote    /quick-quote.html   200
/ma-itad        /ma-itad.html       200
/office-relocation /office-relocation.html 200
/hipaa-checklist /hipaa-checklist.html 200
/vendor-scorecard /vendor-scorecard.html 200
/sample-cod     /sample-cod.html    200
